commit_id,actual,predicted
45af9a0a7bbb0efc5d423d13df4a47863eda1bc7,False,False
38f6babf6dc697845686ccbbb711b3b4ac699469,False,False
649e05cf6ec4aa110d2578a1aacaae9fd70a8909,False,False
97ace020853027f673856ab7c40006cffb989a4f,False,False
fcbbf3b34e27786b0e184230a21b44068613ab5a,False,True
c6c8e7137df616b3c830bba9eebda4aa87aa7fd9,True,True
1ffb4a7eaf7ba0d0d1271840b4dd5ae500929dbc,False,False
800bc05b7cf3278d77e6cab913bf35596eba6746,False,False
0280fffa2427b42f343897fe489fe1fb64dfe8e4,False,False
1caf0093c94ec100ca4c536df5ee1db27ac2cc22,False,True
622ba16b81e5941574674bd6b25e4ae9e0e98cda,True,False
c5645d6784d20699dc8ee94fc556360695f21758,False,True
58e79cc31063a0e564919ca21e7907a0ba97d794,False,False
c51cfd86da44377554fbcc5ee697cc16b220e907,False,False
97317f4a20bce3a60680e221f6fcda39f2e35175,False,False
8fd5875e6d39136510c084a244a91dcab83d4b03,False,False
7c32eb2aa7664b2e98606d0248dac290912ab176,False,False
f95147f3e66eb3d23ebccb1abd9ad3eddee966f1,False,False
7b3c4484410080681c6066485849e2223d6fb234,False,True
75ec9eb4c7332a0451ca7bb8e95db4da1b69b624,True,True
13f1ea1f03ecea14f3e29c0a5a9c35bdd5b9491d,False,False
e40914a5b69f2373879ff49a6a8d3c631374aea3,False,False
c49f1870a9b34492aba9904200b68968f938b0d0,False,False
c9a69669cbdcd6f382f6dab32ee9598caaff23fc,False,True
0246a0f5ff5f62db1ab4988f6052389e4b94fc8b,False,False
9aba9f0d014a2479ff010305288bb487cb1a5b95,False,False
c96cb91aed03063e53d078e2d4481b506a27e834,False,False
34b27371bafeb249fa2c5619864e94b1a87a4cdc,False,False
0c58cbc0fc0448ebce30c77f4203f6df0b0bf3a3,False,False
aee94bb2ceaf2b0377f1e10a8bc3c68b1846509d,False,False
4750ec413619f4c89531aba0eb634c94ad7dfb99,True,True
596e34662216c5786a1d1aca8431b232802f02b1,False,False
47dfe2ca40df31259610f0808ce4ce3865b50400,False,False
243bd8c0e628bf21042c8413e27258b52517ce15,True,True
809f1f3a40173a3cbee865d60e64fb63f52b17c4,False,False
9fc7278190ff03ed625b5bf4444c2c59e2814aee,False,False
eea1011ef020e17fd846ea89a72cac9c12a7b789,False,False
7680707fc3dec8414c5a4598ebb9bed60acafce3,False,True
3a7a5d6ef9a8f574da3e45b696950d0b4bb12acc,False,True
398d58c4106e7965f9a0c0789c5d506aa32f4c5d,False,True
11b23efc4de88bba417ab51772cc45dba67a31db,False,False
11be22e387e46998673072e4a09b347d70b9ce1f,False,True
61798402036f2c10e4f2520d6e8969e4f33408c1,True,False
a1f18474c70f58a11578ef6f961775d364aaca76,False,False
7adc977c8e1ec043ea861f621a0cc8cb46d0981e,False,False
5bcae5a117dc00e0070544107155ddffe6801285,False,False
dfd2c4249df43fa713e90a47e9b8c2bfdcbb140b,False,False
83cb13ed9a786b026a9c538214bcc37c8c596188,False,True
23e4bcf8b0d36e4d7c5d67464cfd21b659ba99ad,False,False
88a3b75a4d7fd3daa05685d7d1440880aab098fd,False,False
c99d992366d1d2d9b89890f4781682f59d74b44d,False,False
3c6644d44cdf1a11d450050ac01f8192f38c7f67,False,True
2c95b73949e975fecb65a68ff426337795696cac,True,True
2873ff48c2c04a1dbd3e90c019a2a4f020571671,False,False
2d664adcbf53048737e399d3ad1e060d526ff541,False,False
4c926af23692e93ef158146cd1fdf16e8665e2a1,True,True
c9932f614cdef4ffaaa1dadd667896b883c757f0,True,False
939a6a03aebfe379f38042edd513d3bcbcab9ba8,False,False
8048efe94fd94a3fdea217c58d3809e2bfa3de49,False,True
f8d89d865416e692fe24b137ff7597651a43c0fc,False,False
33c41c1ea48b5c509a320ae5ba9fda395b9d56a3,True,False
098a38b405de1644313769460138e4ea31e39781,False,False
499ccbb10457065583a2c68f7d32698561b19bf2,False,False
8aa247cf5471ef9f07283cec35f3ef1ca63049c0,True,False
e428b752fbc83e9f294ef834714e17bf7d573dfc,False,False
faaaf1db8fd606606202f9a8d3ccdbca6ebdbeac,False,False
06c582fb4ee630c79fcb1f43e6ee5749086826ba,True,True
28c37629d49e685230ef7b911951ec266051e79a,False,False
99fb65a4355d94e9e471e8cd05c28be6086a99c1,False,False
54208f28e7ac3941c97d8f7dd094e856f56bfb62,False,False
6f93cc4a8e145da852422374ed9ff9676b72e534,False,False
aafe309859443606c068fa644af6f72b47fc3edf,False,False
a482ef8d5b340e50964a78139e2fbc5ce3f82b10,False,False
1c653073bbdcc5c2c82b8bafe25b5b5b580865bb,False,False
b0e4eaff49f7e30c7321135b2ad92df7da292970,False,False
fb0c60b805ba0ac41e05628b6840dfcc78dc0205,True,False
b8ad7890dbe4e50dc9856badcabfb2c1b1e63355,False,False
a17d6a64d6919b995f2233def9f819e2f4a87802,False,False
a95c4dedd7cd51855f91f2fba7b69c09e140ad24,True,True
b3a2135b7afdb53302fbdf59e35bf5af8e27f9f1,True,False
9793434d5a0c97c0ca524ecfd04a1debe6a14a43,False,False
fd7daccab03d97c31da19eb49999124389edad5b,False,False
90c948a2f912f6122ecfe5e73bf01ad9d5790efd,False,False
c31e0fcddbb53041b2b3ecc9d1f067926740b3e2,False,False
b8710067c77d32f64dfa74a3f1bd3f242723195f,False,False
be935d0a9b7aec889c44fea75845ec82f651d8d1,False,False
5e38de171c17555896e0b105c720d076f699ba4f,True,True
a38bf31e298370f3d21ea5dfbbbcf7c337ac46a5,False,False
5335308f284bff08ac9183bd03f6e8e7bcb8395c,False,True
ee68c6a8d781949ca49d04537e1cf0f3cb81ace7,False,True
e41a2058f0e12f21f7456d14a17dc60339be18b2,False,False
607d25eca545bc7aee10d4efd28a78a86e2171a8,False,True
156b967b1ca8d85868ef4840fc39b7cf5fbcee6f,False,False
e7e025ace21c4084b62af3aed5c9bb8e34767fb4,False,True
ad926f20363603f89482313d2ef76f585d5e7136,False,False
b26e200e40d72d18db371cd633aa613d749af69e,False,False
3e64b6a7e8a9129451a7e66cae0e33330f160177,False,False
71fa1fd001f6697d7a718f151ef279151d83f305,False,True
66e31f0c72045c6ea2d0886eb745782010218084,False,True
8d86e95feb172a7ce554ed36275cd32505073001,False,True
40b17043f85af844abf3291128d773bc340996c8,False,False
b824d7c214a3dece6b20ef7b6e4bdb5c2e6d856a,False,True
5764656800360a02febda0672c3e77ea634a287d,False,False
83d624a3d3c303d0192fd5b5b745f417af63b8b8,False,False
bb72f904be0f5ef97a3a856bf76a988b5b286baf,False,True
502f303a7f6b4f0490b879cdf29886332d157003,True,False
45af04e177d024caa3ca3e5fcab8009dcdd73c86,False,False
88c7be217cccb6b3193a55fedcf7da6af02b6e73,False,True
40dd541e049c1003e960622dadee2a39faabb351,False,True
1cb350a19ba950c4e4a73915836909347d6ff29c,False,True
a618f73dda0f25be66361284e218e4c1f23c7589,False,False
5aa333201169740697acd412e9f71bd2cdc504f1,False,True
198f2ff03f97b4889d1617015c13cc9cbc6e2889,True,True
8744b30c3a8e3dd0d6432a1f5a775ab670003c57,False,False
3ae32b5a854b9c6cf20eeb9d80b06dd81135ae01,True,True
c12003f9e0a2e8f1f3da460c1a485e79ef87a39c,False,False
132696a9235b368f88966baa326c870c3a58e725,False,False
a3c24d952baa4c8ca922fe47e348fa044f4f0271,False,False
b21a485a5d6083f2dd86d46c6a8499973756cd66,False,True
7fc25ab4e710af417a30207567f0c661b6548619,False,False
df41f1008e0ca30f6682d30b62b832979a0f9a62,True,False
3ab659b425cd4b1311236903447578ca5da7290e,False,False
26dfffa1829c814c7a971f20c44aa49099be4edb,False,False
46f5d1d67a4e23359ccf5f6c64208afc7a46c748,False,False
ce18ed93f47d6393e6c05cb232454627dac5dcc0,False,False
acd652b1cd814c2a2e1c66b880a600f5f569eada,False,False
5eb7827249bbfe95341c1c80dcecc37dc2f61749,False,False
2639b438654e16914e311f8c83d3a44b05e1d987,False,False
6d20937ab85f43f37cf663f866acd09fb2a4fb41,False,True
0e7f0da6060829212b2e2efcff6a4de523888dfa,False,True
8457ce313d2974f65050cbc3bf4ecdf33e0fdf36,True,True
44f16a5dd1339141d3d908b419b5d0e411934e1c,False,True
39fc644ca666d8525a93e1e55705050bb6ef7fe9,True,True
7199dc55e6f90a32b17a95db5f4ec3fbb02151ab,True,True
3c4da12eccaa4997f6e21d6f281afb3c6114fe69,False,True
c3ebe26ced4dd234541916c3be8eadaa32d1f43c,False,False
d900c38cc760455daa8eba86619ea5e725215325,False,False
cdde17d7b00d90835113c03ce62d7ff9bc755ad6,False,True
af67e13ddbb0851a7f216f10cc2e66109f1cc393,False,False
8b742a4a70c6b404a33a416858b56edae8a8b33e,False,False
92403b1baffaf1d1b2452e45a400052134bf3008,False,False
3e6527eeca4e59ad8379a966821ce8f7c831081a,False,True
6663385436e5d06dd4d80a232df3a98148683301,False,True
8330f73e8938d547849db9486778cadab158717e,True,False
441051b9325c62ec74ab6f0d8b2f20422c6d0642,False,False
f64adb8f1968fb8f28a5515e12cada019d7d57b7,False,True
5b39e022282b2b965823b899785e3cee25aad2cd,True,True
da83e58fafb8217369450acad40cff20d407e8fa,False,False
28c00b9544c88ddaff0a81901f97613535dc515c,False,True
ca45c8efb2900b4689b09fa7dd527589ac7d0270,False,False
21381b6a7955fa16dad9dcc200b7e8b30cef59fa,False,False
2cf07887f38004dfeb69d1597dbe4b855663e813,False,False
683fc7814a441e76d65eff3277a258acc8095525,False,False
5bba94ddde42b7f4c5253131c68af5174448ba5b,False,True
2a5660274ff69a28996dbd300dc18930eb7125ee,False,True
b1ad9f38440204f3c4c083b8fde2c54c6805a518,False,True
d04957691657e44bfb20206e3b2e1a98d802abea,True,True
f2173bba52cfe33fffdcfd4c2c2f17873d0c6dd5,False,False
be698fa6029a3099a7b76b04ba30c4b595999fb6,False,False
31f4203de2976f65d0b355c0b1acfa531d7cb04e,False,False
d03b352f02c2977def752d31833c6160c8067e98,False,False
2508e3f09723ad6ee55ad2976bca7939cce3a1a5,False,True
3e038c7e7d2624bdd40a5d9cf4ac1ac004056176,False,False
5d39891d45ecf508685ced97c88fc23f962f38e8,False,True
a7113bc266fbf932f07f352601181cbe8b9a0f79,False,False
e402e8c7bbe94c2d7758f596d047009797e83d5b,False,False
b2b1283ec5b771b1ea10654c25a9e2d3aabd715b,False,False
d4df21144c38c2937753ee7931e54a15919a7972,True,False
64d9ae1ceb9602a3920281c3864f43332c062a90,False,True
e33c17428c7c26eead13028722ab90a809356857,False,False
ef61a5484b267876246dba2ccc817e4c5324e364,False,False
0f5507cfb545f8f4449e3a0c4b1a48700cab3efc,False,False
07bb9c1741becf0e46e85c4ce21ef50647ff5c01,False,False
d2cb4313c20296effa3c3bcd64b9a961673a98bb,True,False
7297205e50261cc4cd57623e91791246fd488be1,False,False
0b30faa776ad70f31062936d0c78a59bd2c11068,False,False
6ad580bebd1b784269293554488ce9965d39eab2,False,False
5845fb3efcd3c8bd5dcdd2d3912a04d1905433d6,False,False
1773a34774086afe9306197d41817d6e90611e0a,False,False
5ed69afd68e99822c193090230b73c2436d0e37f,False,False
23077bed4dba0b808ed473416191691398c36a19,False,False
ea47985b12e88c7c0646a5378d0f5cde3da5d406,False,False
19d30fd47fb50dc52227d392e3cdc10a079aaffc,True,False
a1aa3f3a4002004bb8e1a1acb77e5ccfb01480f4,True,True
c7b2615aaa530c96ed7c223bc5ca638927d0e003,False,False
bfe30f983aa13b14521b933384d66a1d5b218269,False,False
cfb61b5b6d629ab0b4f501b87f8a933f04bc750a,False,False
921646b1a1c4b7762656d8b64712938e4f639b1c,True,False
59ce19624415c0061482b06d58645045877f1d5a,False,True
f3f1c77cac27d7f47b5c065b9cc1f955f64bf41d,False,False
1b53ef16bddac81215d39a8181349f9230fdb2b3,False,False
bd49d34df22eed1105abf67d5772d5b41367eac5,False,False
2c6aedc9ab71eca1954ba2b8fee0f096c42e4818,False,False
bd3cd8175842dd999a85458203d59a8c5775c0e9,False,False
871e22d60ff9b161a4884d77800091614e437c52,False,False
444e67a32b5f4aff274d43ddf15e5a4c1b602d6e,False,False
ec25edf85702be31301b18e3d1133311658e3c13,False,False
fdcf867b911a4e9d5b887ae58c64b74e9d9bce37,False,True
8aed824c13b8d543c88f9590ef81af1436d30dc3,False,True
b9113c8abd511bf477d9c5ad30796ec6bfe12a5d,True,True
5e1ce46761a16fd1bfbd126eea107238f2c60429,False,False
c3c1b93f8f9e9f779312eca3a2dd1aeaf441c467,True,True
50dd8118112ea2f09d98e2dfe0284c82d351e5c4,False,True
47de1dad10593610ce785b4267ce67543eb23b0d,False,True
36ed78d687e343ae9d2e1f8de31fccbd2872cbe7,True,False
1d3f968042a6aca9dfdff2d0435605c5a88543d3,False,True
6530d2de1a48449ffdfa2796f0a1454b0afa2c6d,False,False
84d242a11c88532c424ffe0b7c77fc7ac6e6583d,False,True
fabf143b372508828575fa6d100c65b4d5f98e5e,False,True
216a5f45c0e3180b31618306432af54c297df994,False,False
7c7773283a4fae9b93289396bcffeae209365524,False,True
f8fb04db0cd0a99c562bb3356c41be736c66da34,False,False
173a16cba0631451da4a8281fa5d7d0103da7666,False,True
5052a6928b74dc1ca6a50cf1167939e34ea0e5b5,False,False
d99f25a9e8fc2d7316a29af803d7d79ab66d992e,False,True
95a135bed2d02fefbd32b8862f52d807b700098e,True,True
0d232d0fcc470323df32036af7b9e41581a03a62,False,True
3e8da8af5f1dc44f675b024f9faba489b57e360d,False,True
05a352afd42113e3f02731b21ab509328570ca25,False,True
d91268c14577335ca7e2c73deb094ef13d624d2c,False,True
f39545d4d4fdcda8bcda659c98d4eb3d356bda1e,False,False
c84cc122b5130c51b62d838f68d1d2f9fcfdcf01,False,True
cce2213a7e77b088ddd1c93e1823cf746500ef0d,True,True
62d62f4938857075b07ec7cad57d2e6ce201565b,True,False
bff2daa3ba104868d81b5c4c244b3727fe176a31,False,False
1d57cc4c88f2c7f2349b860b14cef932b509346a,True,True
a33e30dffcb529bd0e498f4346556d20a92f7156,False,False
7009c3035244cb43bbf031963953892f880471db,True,True
64883407ca44d4b710be2f35dffe83b1fe2cb67d,False,True
6966023a6702c0cdee11fcf00110b3396ddb0f62,False,True
de573f338fc2139a8b45f0ecf63812ccf10704ad,False,True
481f5e8282b1c806e13eed8658c4f661e58c2729,False,True
139ba082405ab4a3adeca2124c7e7e79e8a0139e,False,True
26e474ce62ad5989a384615326c1d67972a1024f,False,True
8db83fc5c747a6a19df39032d2f42733b47030fb,False,True
ff16f15ad3fb7de527650e3babc4712d1028dc9f,False,False
3792e413233a17d12e5984c16b0f12084cbb21ea,False,False
217bd748b616ccfdd4f378d049254fd1e734d67c,False,False
c7f1d6782211fed1b70a8d894b07154cf5acaafb,False,True
c41bc6461d5047d25d337cc6cc407fcc67e6fa80,False,True
afa61ca18ae30ebafe6205f9e8e129952a75aab5,False,True
c4f3f5afb4ce91760180a22eb0a34ff7328b22cc,False,True
5f581c99df657b9260e7d45f38569072f8916279,True,True
810a63fd050d66020250de9957bcf88947cca1da,False,False
9bb24c7579b54632ad8169ea5f8c94d27cbb04a5,True,True
9c184772ccd045dbbc13c417b49812f31adafdd6,False,False
f4a6ce1a2a1a7076d366049869a3afa1a3ef354f,False,True
f38df600c7841bbd0cc8458b1a60a43c1634e08e,False,True
b04880b92413720ab156a0a2a2f47c8d6224236f,False,False
9f1efdf327d2b0071e87a970150e208418708f15,False,False
ba178db178a48829fb2093aa242ce6e3bc4bb083,False,True
024a71f1b2321d77145a0fe925fc047da2a91244,False,False
616d662e8dc608fc4cbfd7db0b6c3eab04e44de1,False,False
841a8e8d26775f58326339f62170367ea72bf056,False,True
9a2a43003aa66e6938428cc76c8377ae7897e3e5,True,False
d84114b5de9955f97bd36467f798bb4e867520a3,True,True
c5a950ccf2ad9de02e167baa218dae71479eb9d8,False,True
5634a9ca1c6ef472c4cd9c1a13370a05566931b4,False,False
03f28ce5802d922bd83e3239b34adf93c05508e1,False,False
d45b37bf85c3691e0540b543359ed4cad70517a9,False,False
54aea7c9ec303936f9f33faab5bc7ed7cf6214f6,True,True
f8b189e2e28d30863bffa6cd3bb80e3427b0005b,True,True
7ccde0257990e462e2cc9d8bc2431a783840db28,False,True
479f9fb75757aac6a7cc677a70d8bbd1f1672cad,False,True
6b9a455670674c6e28c1fa0fe04d184dc64569bc,True,True
799cdf3aae32e66164b9a02230de29d14d622f06,False,False
f52d95bfc099e8e52cbec0b6401ded80fcb0e6f9,False,False
d6fa1e000e6df4869cba4dd7ddfe9be8b8e83a1d,False,False
af290601c92f6cd5c419a45558f8dc1d15b7a7ee,False,True
12c1d3016ee1fec47680b6e30aaeb1568f4502fb,True,True
65f53affb8dbd05c1bf33e486398949b87269572,False,True
a5e675caf3c7a5e65272615633b3c0b762ae48f8,False,False
6cc151b066a34f8126fbf501ecd2b438fe48b28e,True,True
3ab77ffaf0388527842afc107fe1bd593dcf992f,False,False
83d6d401fb6be37d802fc232066e55df4d323e8e,False,False
c1b9ee570764e98440e75686a0436f0b4a4830e5,False,False
bff974c22fa9a9b355db3de540dc54d5e7bc0321,False,True
4667fac7a20e571c36303eab6d3b585755cc3d8b,False,True
3910dfa21864ef356dc8d470c837d6c132a23765,False,False
c75683f0bcde6431bae89bdda0bdf1ba93a829a2,False,True
ca717794dd07ba66915a4d44baa29b3beecd22f2,False,True
43aa002895454286e225c2cf34bac040907f7f4f,False,True
a7e23fb735e26094c1653e5ea210d52547fbb2b7,False,True
0aeda5510dcf11a49ecb4ad95038e0ef2e043c4f,True,True
2b1a513581d5e6005b40c445d85cb30ec9d00e32,False,True
0c96741484a265bd1ffd1e8d0f61b957c6dd1e24,False,False
a6f098fa473d0fde9409cd07655176fe0d123443,False,True
e53d9edff228e28dd64a2ef61c7b1391f2cd5da3,False,False
e9a16d6285d7bdd36f98b7efa3d119e70db1c7e5,False,False
c7ff201709620f00e46a75eae08da17ceadeea1a,False,True
2af577a623664239abb00120134e200e88c31adb,False,True
c5988e7cfd8d21b6e54b4e653c1c8f4ac64e5325,False,True
db5221042cf902e352bd566a503b9a5522d8a26e,False,False
78e838282b19854ec71471ce25eda1b273397001,False,True
ee53db151abec8da4e56a39b13e20be1127f2b38,True,True
b4cc69707e7c9da9ad728487903722923824fe72,True,True
b18098807ca33dea39269749bf04fd614a463a09,False,False
419917ca131c02e98e982311a25ffeda035b170f,False,False
d14d9423bdda4e5ddcae6eabaabb6aeb7ab471c0,False,True
ea7cf81300aac1c54afa05efb0bf9b3973960a42,False,False
6615c708b6ffed88016e9f2ca40d2bd4be4f0d69,True,True
310611169ead53721a9347b27a445148390dcc30,True,True
d5b1efeb44a43bf8d51fb87b6acf84b37de27f25,False,False
499720b528a15ce7ce6c7f3e09a4fd21e6e491f6,False,False
6f64d2f5a89abb98e825413c3913516ded6d100b,False,False
9acdd6048cf849c2e521ecddb97a04ab525afcf8,False,True
b4f414c8a1b15044829be18bbcb28adb2541fe9b,False,False
2ec7395e5f0a061beecb0207d1e537c5b77da352,True,False
46534198e22233f6d7fb7862a20964deb3a56326,True,False
03d8e9dbe7162986215437e8529cc6f80e6fa725,False,True
7ffadcd7d3eb2757f39c38bb408f41d37f561d36,False,True
fd36845fd5190e97a11838a475a397c34208fbd6,False,True
7f651b6031bbd7ba367ee7c54a5a34e18f215c9d,True,True
63fe226fb66056b6c96026aa2d389d8632df64d2,True,True
2b5f0ead68664cc1599f991d91f2b112fd25f1cf,True,True
830d6b1559525aaec4044b81d27f3c3f017c02ce,True,False
41d6cb498e7357880e84567697e5765d12656085,False,True
178d080ebb4f991314894993e0ec3fafbb8d989c,False,False
7e6792a77ceabc665c5613de4f7d680e11612e16,False,False
b76cb461119ab049c94780a6b45c579f7a225793,False,False
6123b74753c486b31b3fc1dabbedb85becf7b287,False,True
3f8de252e5d87be0770aeff9b4fd38a1484aab12,False,True
005fff82a0b4d43a6587a705b864b16f7051d65e,False,True
a752954ac66a51008ce92eb28f5eef97e41c8cf1,False,True
18f62be8dc95db0a2624a919b172c81316fed685,False,False
7712424e38da2cfceba75c1c500e26cd42d9c71a,False,False
469838cd23e1aea95fc77d6fde1548c6209465c7,False,False
c674bca32770d0c1057effed177a383a706a548f,False,False
48ec2d21154fcfa80e19d19ab83c7ca71fe58b43,False,True
da74a319675110a755415db8dcd97fae5b17f936,False,False
f88484454f8ac59a8c7597c785f9abd481ff9930,True,True
56edf3ed663dc571a57a6ba72b71209cfb547645,False,False
0c1b369537eace6d30c77338c06a26b38562fe23,False,True
1a4f9001337eb9fb4bd88889e548ba0cf7452d10,False,False
cea066ccfd3415f426e4d9fd3bb5068947d261e1,False,False
7e746f12181d16cc29b330994b5f62fa3744fb18,False,False
d523627e23a7b0b960cd06e65e4c9d17ee7e858a,False,False
3bdc6dacc04e6c366d46fdb6260e0e1dc63596a0,False,True
8d6e517da1e96bf23c3405aa154e93e37bb1711b,False,False
a34f925755d14b78ee37630678c4f5d5c5dcbf5a,False,True
d7bc28fa4821b494f52b31bbea1bea51e98bfd92,False,False
6ab4199d0257844520a7630d82e427ea3f4407f1,True,True
d43fe7e375f09744d62fba349f235c25c2f9edb0,True,False
9f9a230a1bc9e7c995c649ebf7ebfe5b105c0d4c,False,False
2334a20557cb062805895c51a1d45152941cb03e,True,True
9be63e1488817f09a646163951054f836a79507e,False,True
c18b1c4eb433fc99825e3dcff6c2460b78a7ec57,False,False
1295698800c791015ec075b86e2c77d7deef0b52,True,True
a85c882dbd0765d3bc090a02df5c191ab1ca4598,True,True
aab9ce61d3149af5784959dad96a95cd4aeda4f0,False,False
425f3f72581bbfd8d2265fa45f3f54cf6ab059eb,False,True
5c8bf8726a99cb701db436ed047f67c63028b615,False,False
77b1849105652385c6994608f59797b77d8a853c,False,False
691511292083da54cb2b02443605105ec030b054,False,False
25efbabd3b2e843300ca5ecd14f6cab6ca207ff2,False,True
c616f55eed1fe9f82a6d469c1a06c3d96e18abbc,False,False
ea4c652c8e3ccfdd0203a958569dc8e24153da9f,False,True
b9391f3e8f3867aecb5e344f8a4a343a6275907c,False,True
f69f27645e9cfb98f59334a6de6eeddc789848e8,False,True
ed2cc32da275cfbf8cf017a1502ec73b198583a5,True,True
431c356794a0786ddbdecbc708ff44c09af46d81,True,False
404142a1325a7b4d5f61fa28881747f5d7ef4808,False,True
0298ee6fe9a6a72f447d5718b3c69abd564b30fc,True,False
c7896121b2ad8a07cc9c7e9203addea187115494,True,True
a6dd2166226030005932810d1ece53354f0b44ff,False,True
2b965b68ffc9d0020e5286ab648e3befd17d88b3,True,True
56c1bbaa09d898a2060a0bb3137e6cbd06c9e1a5,False,False
882f320e55a28c277e56cef430a4673194c161a0,False,True
36d77abb43f3b75063746c4e7675301d71dd5208,True,True
6f531239e53a51f7a28a0db206defd2d64bb0c15,True,False
1b1d803f5eee5f634dec3bc4c7d5f151385e4129,False,True
e7f4d4dede0d157d1326a5a943fa381e3dd47ad3,False,True
856390341fa5db0b781a3e9f1d90fac01cc16497,False,True
7bf4332400ed9779ac689e07993fded5f8d75c01,False,True
77ffb71453afae0b741b7cb7a78c18238f9b6c19,False,False
daa4a2907c5473e0bb604533cf7fc9a176264dec,False,False
50834cac57d33b8a13312c074172f73b39686379,False,False
9fbc89a480254583f71895fed42ff69d04fb2f8b,True,False
5ed3079777da1ef033e5e61996dacaf2e33e012b,False,True
278ba73db93549ad9b92d50f88391945e8426c04,False,True
2453ce84e51dc00f82a92e8ac3d0623251f4e2a1,False,False
5ccafe6fc2619961271eb5eb3c9b3cf4155e31b6,False,False
42d2446156a4e9bbeede7bb5cc0a17770acd3a1a,False,True
fdc1a20ab0756a5f14471a2b6e8aa03a8de96d84,True,False
6d5c4c494ba87909c90272b585ec8572a76f1f1f,False,True
23714d60bba94d104e91a8169b1b6b87a7bc7e97,False,True
9946172536f63b1f435c352a013ca3ee77ddb75b,False,False
3534b2a02d2edd81b81f45d289d1d86a0c25fb53,False,True
ab69ca71c6826397eeddfbf721cf0fab38b4462a,False,False
e537c010ebcfd869c61d349c5438979e92f6fbcf,False,False
66c326633c070a2e4eb8f508237b89c46595fb93,False,True
422e065f407a6235fe9e65b84a5d074f315c7754,False,False
4999196d2d182875a20db12bc14a97feb91ba3f8,False,True
d2fe79fdfa8ac638768980d3a762edea0f8db2c0,False,False
70e9ef4df0a85e9c666653f6e1a99604d3c72eb0,False,False
90aa83004d4642dd36e59953239df7e23d13bf86,False,True
15a3b3ca4baf0c6879061a1dcbb09bbeb6ff2405,False,True
f74a06bc4daaae5c76f352bfbf2c65d5af21dc19,False,False
a8d5851aab5e0bf6f61a538153a4755fda4a3ce5,False,True
3d3eab513270467081a6b2275894aa995261e7f8,False,True
ea4576678c3d0b0471c1be7d6922d20a8de9bfd9,False,True
ca0dcd3141308c01e6d0ce223d29cf9dcf90314f,False,True
159a79345a4df7a87898a4a039f4dd931974bd10,False,False
7a1db56a425247dfd9166069f23b4215bd166278,True,False
dbe50d085cd430824d3d743112f8b0ec582a9038,False,False
e73c40f1492fb496ed51c51eb5109a86c7813d39,False,False
486fa3d5f0b1d7cbc594a2f29097650d7f00303e,True,False
971f866fe088ea3e8fc1153cb482f5a255a5207b,False,False
d60048e7b9b3e8cb6e0917ec06b8a5bf28ad2345,False,True
b51242f9dc9c826be15806808a1e3f52fe77ac3a,False,False
36d339ffd3e97f033be03cd659e46903d0ceefaf,False,False
7e01fe6f3642f3504d32fe8bb7d8ac298551a01c,False,False
d6646e1820ac01587f07b1dedd637282f504b508,True,False
471740ffba458a8dca4752565567a12b22e9fa5c,False,False
6c5be012300d7ec695ac94136e1285e10ac90645,True,True
24c2ccd1f5333b7fddcad131f741149d7ebfda89,True,False
005717391d88079444bbe7206de839b809498d5b,False,False
56620cbaae6c0347904e49a5b73593a9cb49fdda,False,False
beff546aee8443afb0323c0b7036c37c321ac246,False,True
525d7948e63f1be238349abd578a96df5cb97e7f,True,True
4cfbe77059e612b3ca3842d8056bbf9d186c3ad9,False,False
72f5eb75e6c668ed85e9b4c011c801b0c21736df,False,False
3c4a150e4a64a7d95faee2329f0c2c0a3318dd6b,False,False
d706829345d25de8167c530e98aa78b0d62d76c4,False,False
bb141b5ce46fce6e403adfe7b0fcb15cb24a4b46,False,False
aee1b4df08dc414e400c2587835c78d02488b1db,False,False
fe2b6fd9a668739d9796b3b1e01cf3ba6398e032,False,False
99fc2e9279c7cdf4e0d78e2d6c9eeaf2384b1262,False,False
917da4aa7308cbb061b0f8a34da78509cc07cec0,False,True
6dd00dea0fca0504285ad90ee013186f09b903a7,False,True
2d072ffc839f4c00821df7c10b7ff9c6ec037a8d,False,False
daaf081b13fd5a21c50010f5e307732145f3cfbd,False,True
94332ed0ba851494ddf32dda1848e5fec52e51b5,False,True
a92d3c7097294f08c26a882d4bf9a7ab9b1855cd,True,False
dd45021e6897821eb0ebb3dd5f7f480a6a1c0e4a,True,True
38c24b7998d97a15f61b7e7ef93f096bbaa7954d,False,True
a6d64b357a45654801db76e36036c30b6b46e2b4,False,False
55eb73942e90aa2990b9461772b1728da2e73dbc,False,False
ee5d8f4cb7411604927e02aa5792706594274a0b,False,False
3216334f2e522b719024e6077f46c3f53ce87f5e,True,True
a2ee1716ec80e1e4d94c75b94d5389bd8c16e8eb,False,False
f2f22fd88922c3669abbea2b3a7dbdddc99a5d79,False,False
be3ef75de4e87f19f401655f325ab39127bd0eb8,False,True
6471b059d333941703e1f9aa79791ae164b0a73a,False,False
58b35ec012ae259646d8fd76eeba34c80a54aaf0,False,False
0d7d0c5153d5b33024dd1681c59b52feff4190b0,False,False
56aca63f74a8b9244588bca684e01ecfbae24fbc,False,False
e9980d1504087fd93e70d7d45485e71a9259c832,False,True
edf52def24b0a68289a4220dd06129103b3f6a44,False,False
1b0f5dc5959ec559580a491236355f7b04586692,False,False
a3ec5402308dc80992e7bb4c6c31a3a25d3e3571,True,False
b69e075383798ebdc5fe473a612507743a5cce57,False,False
896d793baced4c1a9dca81a3e2bd6534891ea754,False,False
bc9b0d5f0ef0cc52f274194ade647c24d4118a64,False,True
9d2f11321b8cfb693d47654f50e6cc2baf30a3ef,False,True
a9266e2a212e403e39a72b0177a143083f320ff2,False,True
9f4ad78ec6437e4646cba98fa5001d323acf8ac8,False,False
008f7f65ee29629d6c5e4c96660ce68f10100fee,False,True
78e48ed547eab0b21dac4f9bbe1290212becc2e5,False,True
09ceb4695a3f2eb5f752c835b95629ffd2118088,True,True
e338fd5d6614314e1e5ec8c6fb7ab5f31becd7d6,False,False
1e8b14a91bbaf6907a4f8dcfb1d483c95041c587,False,False
0c54cb56b7d22029377e2a64293235640bd9bede,False,False
810551d352fe4ea81fc64510b1a18860551f9da7,False,True
e5069903fdebaf8ed5da6446e7a11ebc4398a52b,False,False
275b5bb900e74134de82bded10fda8f1ca69edd4,False,False
d7b5d1ce7dd8a800f47c0a45525dffd06bd8477e,True,False
f8a5e7d11f08bf9146a8557dd6dfec43eedf9b56,False,False
a5dcc5b69ddfb30fbf4952b23ae422238b8ac280,False,False
57bcde5cf6758d4a857278d8e033173e5c667443,False,False
4835e24d11c8b8f129f1777cb424176f8f30a117,False,False
abc58885cbf73c038b9b8f5bf25b051ddbf9ed2f,False,True
8046c8b4efa95c9849e0f7ae1b0bd18c1cdf8710,False,True
af297526595751de0e0debcc038a6a85e899ed03,False,True
c0c8746e2c2e99047225b479a0509c56f67ece8d,False,True
ef3344abfe441e5808fb0c13eb254c61da68f816,False,True
3bdc906a76ca47a4185c4b341796e7a12f9a2593,False,True
541267c5dd0bf580c31a1b3c9a7d68bd8a21dbb1,False,False
c09de088c245787c33e1167e5fd28102980fd261,False,True
a8ac4412cc8ac3e9fe4c89214f5e874ba09525cd,False,True
1f152bfc734991abe4415f3581293dd02a5b3330,True,False
655f3e118da755a1e1e6ece0752837f3b08017a6,False,False
0b5c7ed6056763e9fab7cca7d39e4547ae05b24d,False,False
aba889c4d2505d44a641929cde5090f7f2353604,False,False
5e291572cc8dfc1d82ec0a79822d8784ac52c6dc,False,False
0a8760c947fc895c75cb9589d8731cfc87377277,False,True
52ed2dbfa71a23355112940de692b527fe4837f7,False,True
dff0e66aec2fe3a52c659f37615c73bb7d05b697,True,False
d68d490ca71f075cbbd3f65f1ecaef408834f45b,False,False
774d025faf726080a85abbeeec385f2c18e65246,False,True
427713e75821847480d7bb24f5747081b60525b5,False,False
fb3886794414ec669404b482845071b80202dd75,False,False
7715313b63fdabb5821cfdb9909d843c0077575d,False,True
18f08bbbb8ce03f170effe879770d8726827e2e3,False,True
cf1d24adbe7fab8f5bfa20a9883af29915a2e7ba,False,False
da8fc4aebf332e239d5365217aa28237f15c016e,False,False
39a64c977b05455bf4d13de8aceba8d345914a38,False,False
626a2bb774ff0acd7f603b2e3b100c1ccd603ce0,True,True
2985cae678c7790d8adf102cf5caee338d561a7a,False,True
9ee3e5371f804444e3ac5a6b304312311356d536,False,False
79a0810cbf20ea75d97a52fb37d38329ce1984fd,False,True
380e39fafbb96aa05c6a645cc655a10fd6db33fe,False,False
1ac7deb890583854e61d35acd40bab4e64407593,False,False
9c095757b894e9c98f35e0bbc3b42cc6e3c54fc9,False,False
491189c02c28ef85d98ffe6b07cd57343fc5b7b9,False,False
e0458394535228e30664d4cd4d2d35dc73365366,False,False
1c6d31d708cddc9c94bb30d9adbd37ccb83d3120,False,True
2e314e97161bc69b029282e0cf55525a9a501bff,False,False
b81ff70ca75ceafe0dd7bbdfd3a7abff710c0fea,True,True
94daa619fd76d6f2933a1bb86406723bad3045c9,True,False
7447fba70abc9e121c6f73d343136eb5daa2f727,True,True
25d23e5225a5e56ab43172e3a7e566f6df33354a,False,False
4ebcd0df4313c93369b940ee5bc20ef81289667f,False,True
1857e60454a4bad3f7b224597a5c066569b72d6d,False,True
1ea3b74d8a6ccac012da7de63fd1065c7cd50927,False,True
f229635494628e50b18f537e7fb19098664e2871,False,True
1e9e554e9516381367ea2736c866db3ba03bb5d1,True,True
4ef5bd2631cb45b178f415a3b80ad62a31751bcc,False,True
335a8589dc933a5bc0b31cfd8f6455b804c0985e,False,False
03ecad3e188a84d8f9bb429c46f3008121102bd4,False,False
cdb71160d1e2cb0679c997c6363fea73ead835a6,False,False
bc5a81c36ff0a05e8cbc3061d037fd26f7178123,False,True
9b6ead71bee271b9f650b284780d5e634ef88573,False,False
c3480181128e20a2c454886be23d6d9dcaf19c4a,False,True
9d263a3fb4d68ec169b122ba5617573f6d9979c5,False,False
9e192a3717894b0a38add59bbd0c614ba9721082,False,False
a32988c4f1d4198c96ae6b7755b3c658166a65cf,False,False
5cf029d01ef0526b5d61d1c493476526c278a897,False,False
23643bb7d8a58533f9828b0a3a6ba461579ae6f2,False,False
42b8bdeb6cd931635b4ee5b17dbcd0ccdfce2590,True,False
7f87ce743e27eaad051b1dc68e91d6d0cfaf1ab6,False,True
e50bf12ad9d2747609c109178fdf93c846266ba9,False,False
4648abf710aacec0948024f1a7804a2a99c780fb,False,False
a5c24f175df698c2e3f0252cdd1d1de583a3a664,False,False
b3b0e34def76359e543d4fab07f1639bb515861f,False,False
b67191e360c838dcdee916ac6ee1413aeda02b96,False,True
6ccea80dee7aa38e0c4534c764b1a9a95cf6106b,False,True
284429c1e076fe6ecd5b585c812c0d4df381241c,False,False
ea3c188618493b531ba011878906b5109c53ba95,False,False
bc7d582100f199a0a4d6dbfc6030fb32fc13dd4e,False,False
4278e31894e9824a8968ba30ec05e01dadc51b7d,False,False
52041d16ad7974f91022080c39ac93af87198cec,False,True
0a6723c2adee553e47d8bfc167900dd41cc5ca63,True,False
6876511260cede864532f481a0df1fcc38ad829e,False,False
deee54d2afff8e02f60a9756be55067650349f9f,False,True
a1b3e939add5dc3b28fcedaab0ec757fbc86abd1,False,False
729fc14a9c6296cd527a565b7529ca5dd36225ff,False,False
540aea440d516669c82398d001f539accfff3107,False,True
a4a908937060b289431c753a4bb812d0cbc2e623,False,True
f8a0ab596ee9b971a12124958b5feb453ecbfa75,False,False
aaccdc23477289d36baec8740ce509ccda5bedc5,False,False
90255c6718c61468e84a9d3e7b5521d4794198fb,False,True
c51e54839e85d57c51894a0b6272bbb01b073b78,False,True
ff71079151439cd1465ae1c7de1d9b9c9077af30,False,False
4561a7826e6b7572872c7e46b2c76197bf7b0dd1,False,True
8cdc719b182e5455cafa0defcacf1bb4c00c43db,False,False
604b57c2a60333643a7527766ad71d596f450ff1,False,False
7fa028aa5f808c9b77b652168883b95828627907,True,False
7f29ff06bd1a5d41bdae18549eedf9f1e025a402,False,True
1a04c5cea1f3f724708511e7b90533f7c8c92f5b,False,False
f46067be6586ef2547823ad12b74be3f9b498d19,False,False
d9b611aa322c6925fdfc56623efb49e446600000,True,False
10c4940f2139c891bee4dc29906d358868eca2e7,True,False
9108fee28aa6f8d5f4ac39a05f1ffefa535bf1d8,False,True
f1461b854850ea5a46053b8ebf965e28d94a60e0,True,False
1d041c402fcbdb720ad0d0699b04a1ad69e8c433,True,False
77021c656b9606e68e7ab2a1fee125c3e494a1e1,False,False
a5c826fc6d71925a85c51845d3a3c6fd5f32d3e6,False,False
61313a9e0df23feb018c54e39a23629fbea9461d,True,True
3e844f6fbf8d79d29ae7cc39f2664bf903b79adf,False,False
8d4790ba9f54ba18dfa4b445a6aec0825d286be2,False,False
150d954362c1c210a8c041ae145938e90ca34a26,True,True
51a87d7cd9e8f4985d50682031b0e1c7dbec373c,False,False
594c77fde1c87a425e4822d60d66bfb8d6bc769b,True,True
042bc3e78113fcec8f9436de9076505be4794444,False,False
40731ce845bc52efd26b53e26458b9b5b1f306a4,False,False
aeb32be459faf614c19f3825957cf952c394027f,False,False
ecb4cb7d1000ea522e1d8ad2edc842872d5f6fba,False,False
ebbd02132c8ac95b6c8c876987b9780cb0fdd06d,False,True
08942d8814bbad894ad60651df2b16170b07609b,True,False
6f759944e425f7bf977433fd4ee1f4b0c161e41d,False,False
e20cf8921ae72f1f0eb8199fdb9bd72181df4da4,True,False
7ed79ba1fb65a9612ee406d51963bceb28bb6b2a,False,False
62acd62e87d7a8fe3d585231ca8fac6718fed373,False,True
30dad3e8dd452b285a8f7d8e99d83aa15063a57f,False,True
3d74a54f13c1186f195f841f0385668925aec572,True,True
2fa23f69e3063e5f3e9c5d5dfc98966b77e78a8d,False,False
5e1a99207d229e093bd959ae2247dcd5f0e5052e,False,True
148f20dc4042bda0a385dbf066d76ebe0def72ff,False,False
8ecdc59432bc2c820a5345e7b616ceb68ca24bee,True,True
ef78c0f748a2984d92e47a01f589373b44ed4532,False,False
ea10b6dd8a5de10a291d40f8cfbfab8891e552d9,False,True
f77d201c4b0bd0028fe2b182526205acb206aca4,False,True
28cd8479ea1fcd32df95a2146a36309bc2fe281d,True,False
c264a4857502b29ead5d4d6b0eeb36fd8869bc32,False,False
60b5f27c1cf6cdd75d3d443a45b6e7fd8f7a7b52,False,True
7b7816fa127580fb8171dfc45d6b9866adab8434,False,False
c47973dcba81fe62ba7bd1c29259d43dff82f8a4,False,False
63178d534ddbda9632cb437c8f0e29eda9f716b3,True,True
c49aa5267dfdaab97a089739401af572c0a1ba85,False,True
2411c3bf75159cad13a7d02d592d2d2d0e4bbe93,True,False
7a4db872fd05804121007f819121db566c45d1db,False,False
43400d2446f9e1b111b689c93760a292d79afbcf,False,True
630d6d393d0e54bcabc0afba95040d3c00cb3c78,True,True
d04302b6fdc48bea37bf4fab3006257fa0d0fd82,False,False
56d8646098adff88635929191951aae548059671,False,False
f4d3fe95f39ca2d41389dccefb279f682b1ed5bb,False,True
a90c85558cf69ef851f58081dcc09f514aad03ba,False,False
2b6546dbda012a2206040a6ec57075b84762d6f5,False,False
cf1f616ce238cd32f0f05840e0f3bed2d6713a3f,False,True
a870fd82a28d1aeca28c434be81b35e37d344308,False,True
846bf82b2bf015e048b0f4fbec11a140367cd731,True,False
de74f302ce0a22133a32fe2e674bdd44b3ebbc57,False,False
aadf210f6552c6ce430f9db2d3881c9eac859e27,False,False
5f0a3d1fbcff3f404fc82aa0e1fb52734f8e7dfd,True,True
6fa81a58e1d70706325831d905f5194b2b6cf3ba,False,False
33d94c40a3f68b4badc6bc8865544bbecd43f6b7,False,False
af3d562bb62922ecc9cf71185250845072d2770d,False,False
0efe0fcd33fd88030c43a7d8743c33ec8cb805ec,False,True
24f2ee2da2f44d78e83ea46a225ce25422055321,False,False
f4564e535135d9259d4165334b301955b4a242e1,False,False
8d733333fcc734aa49fa49898814eac211605bcd,True,False
49343e2b441c5a907cd8c21688eb36fbeaf27974,True,True
8263fa090dfb4483edc0b04d9aa02060a3e1868f,True,True
356251d7ea996147dd83f983dc7e8770f56bd83f,False,False
6cfaf238034c93df68c9cb2e125fef88f380d9bc,False,False
f2eb9980a398ab9dd819e7f9c87dedcbd54ec1e3,False,False
54456bf34218b77d1282b070fa00cbed5f62bdbc,False,False
721efa6128dbd14b70f6b629f5ed497d44959efa,False,True
8fae50c63c64028026a938d4db52d5cbfb824473,False,False
cdb183c522002f6abeeeb48c584a2ca8d48b8077,False,False
f20264d2423bd779858bae4e0614078d50ed371f,True,True
b3a361785301c4cbb2d1cf22776bf1d813635dd2,False,False
89ef8c0b0fa136d647199381220e1b685478437c,False,False
8e1a1b7776714c5b93e770fdd05fbd9cd20a9e6c,False,False
099387427b47116e3b008b925b6e24f2324b9f42,False,False
b44e96d9a02bb02c33e0d06b9fda82998673e6b6,False,True
b5fc21303c9a3ade2a9eb3b221bddcd2b023b9dd,False,False
a98566d99c73853c311d650dd38913f54837d830,True,False
30c7f442a9f221d43b1d1ab489c201d37e450723,True,False
6d2e0da7e6ed87111db3322ae3c666c88378fdc8,True,True
da13a0ad62efffa7e843961336291bb045e2af07,False,False
7df6eecd4379cdfd394262302c02d02a9a48555c,False,True
1982127fafeea2c937296ce2a69334f78aa2fe52,False,True
81cb95b1a288be6dfb74d26bf0d8d83215544d49,False,False
043f610face5d3b33c2d49f7c2aa422b2b4e4e24,False,True
11411d5ed72389721b1857bdfebd13efc8ac0614,False,False
75d8c7fcb308a51f9237d3d1e405bf3b200c01be,True,False
6ebcd7eea40a32630968a812c57056e4b26e4800,True,True
72c5c4c2e0b11acca06a6b24ff42ed2fba5a57ba,True,True
9fc8d61edb99c4af59357e12c7c6ce27b6ada154,False,False
73540c69c03cfb3e5fd70c631d34d58bea88d352,True,False
536e69b9b0b6a75cc5d6196ae1f8eaf71fb4f90b,False,True
b97d592c9e79562357a7b7ecdca8e1353f77ae7b,False,False
7d7f89f872093cfb725db5571cf911b736de5a3b,False,True
6fe8c4a3bdc53b0d4b4df8fe9f862eb7b35f6fad,False,False
30ada76276827a95a58ea7f25b9c098b1dbbf2ad,True,True
a7294c68fd7b1740cdf3b23a6c069a8e5bdbe453,False,True
65230770e03f2d00d917b9ed14331d2d74a739c4,False,False
35df311bf7511cd4ac192b0f794140e33b83b36b,False,True
4d42f52d22946f95a8f0a5e83eb9547489402601,False,True
d87f4262d4562978067d345a795241ada537c5d9,True,False
3db377926d133a6ac083ce4285df4644a1f79c94,False,False
988c55f94ede6951168bd0748f6eec8c7c444154,True,True
13a22a91e75c25ab048e9515a162596a169a67fc,False,True
f8ba88443cf9780fbf6f27990df5ae7264ad31c4,False,True
27c837d34f2f9e008a6689a730f0e2f742cabdbe,False,False
f25b17e18cb7b5cb3c1d5f5f2f872f88180a2709,False,False
3db26f332e86bd866fbbf4bd0e7be159d00568fa,True,True
fbfedeb05feb1037977c1b0d4d3b53916e5357ce,False,False
17a1987caec36ed7bab90cdd4e27eee3f45f50fe,False,False
dfcfb72d3b8fba4e754092bee95e65a884ba0a9a,False,True
6a4ab348ba7a74d97f639b575c728211a0628042,False,True
8a843089c0a0b9d09726851ba435a18f43bd326d,False,False
6c11fd74ec0cb7d19b8e85a844e08c21b63bd0c3,False,False
38663b43f9e3df58ba1d1cf8a5723790326ea6e1,False,True
0963546c901dff1dca78785007bbff0c98f3b3be,False,True
1b75a9a9cb22a7db9224b8411c3336574d3b8908,True,True
8c0c8feb56ed79f142bf3429cc0612729b889efd,False,False
9e458dd994e47e6e6f138363ba7f078fe4e6d032,False,False
fe5897c98583331ce83cbfd76b459d6ad8e96d7e,True,True
d5b871d334a8cdc8f0d1cff2d47f2175949a21e5,False,False
123618d14581dfa83c583eadabaf0ee318fa2e4a,False,True
cb1b74b2f6f0ad8697f30dc005895ba954157c76,False,True
6efa5e9378addc55dd685806ad8ca6b685b1fb47,False,False
0f46ed0b8eceabb928ee2cd6262a93e215e40d1c,False,True
c6b839db73572e305d32b08d92b3ba3f863bc393,True,False
e9780574dc54d9361771fdb54d5e3fa4c45eff9b,False,True
ec8a18eb34a4b2a13bf11a3753e7b0b2de2cd29b,False,False
957c374aac61506cceb0f71e660bed5ed40086e2,False,False
438fc54ed5146b93cb5f49838a8b7ea9c131a80a,False,True
374bfd36f53eed6114b89658731f2ff529c73dc8,False,False
d2c372b1e2de97db7dcad49de85f9a7ed49f19f1,False,True
496af986ba28d13ade01bf0196de5c546caeff16,True,False
bc3daed5b9e1f4da41c27575eafb3b6e317f1451,False,True
d901bc5fa92bab93e469aec5cc185dceb6d42a7d,True,True
8a8c72018af16d3d8dfcfdb49d8975c4bad1a66c,False,False
68c3768f77b07aa3e988da2f691c6ad9c80ad540,True,False
0bc194633d2667a3f88d7a8f9ca89be1ed253005,False,False
b17f78690f08b5290cef22510cf590d2c225bed1,False,True
f1db84de6e93629284a5564fc76a83801b6ef072,False,False
75ab340cd1c23ebc9c8b28919a67ae93d8fcaa4e,True,True
1e6482478aec978184974c3f0fb8ba4ef015777e,True,False
29e39885cb5f06e865ed748a658d442b6249f3c1,True,False
9cb1ba23c6fb1f4c8690a68d0fdacb3613a85cfd,True,True
6ba8aa818c20a2086f51789e676f37df8325e07e,True,True
3900cb1d7e3397ceba3b5f32a60667c8657ef2ac,False,True
8fa25a6119180c187cc9b6a29a1f0b84c42bf98d,False,True
be7512912df83a2fa8ad939f6797a9922ee2ca2c,True,True
811b047cb852b6ad9b1e9fb43c3c36d7ac75aac0,True,False
5657edf71c2ce1ad030967e0a537a8ef1e7bc083,True,False
65823568863802d8dcb6d83d519aca34c6d492be,True,False
65e1a17d8c47fab4809921c5a6e597cf3d25dfc6,False,False
fd5f2803fd19ad5493d9f4c113d40614292e8585,False,False
00bf3a036f3028746434d05323da0fad78e3dbb9,False,False
c36a91ed3d9a5b0bf1c2ffd419eb74d593354a8b,True,True
a259359b0d48091f672591a8176eb039eed27ed8,False,True
3621ee26f911e9a6abd722f43d6692273ce5cbe0,False,False
1860065084074e4054a6351430b04fcefbbebbe5,False,False
3891368cf67cb549eb644dc6d42522fc8c6db133,False,False
be8fcbc74058e7560d87a80df8b0a59a131529f7,False,False
8e47ae969ce3bda2a0e82625cb2fe92349ba4528,True,False
708dc2ce82585529373e1756c2ca20c34067d62e,False,True
29ffd18480383f62af3672ee42dbec6dfb1ab511,False,False
5609806e0669349c71d77044e3137dd14b9fc8e1,False,False
b4d83e0b6bdc50f844e64bd5cb4538a60e3fce38,False,True
8a492c02e6e1292589e70b589a93ee40e0c48209,False,False
5baa912ae181a14f2ef149f7056a241dbbc748c6,False,False
f2fdb4bbba51ab037c331a2f27b4a560ec65f94c,False,False
cd28d34b1d160006a83c1d504f1052ec66327858,False,False
ce8713affd4906079986b6933758358112267929,False,False
853aee97036d939bdd66bdc353d0a91810a6736a,False,False
14a2e3e6b24046e7e6d18f4dce8540a27f30a1bd,False,False
d2c8164bc897042fd23775e9e70fe352ce799a3c,False,False
484d80bb983094d4408f252ed0a3c52586814114,False,False
ffb3b883c7aa379a2c36f31fc67e88bd1ed40bc7,False,False
3adc2b434dbedb066a56519658858e6813748cf3,True,True
69468cb96d79336d7ed44fe198cfd34b8510aff7,False,False
461a599bbfa8dab39511706aa94ea1e21fd79b26,False,False
8c3380f159002c586ea3dc6239ea690c97c4a2e0,False,False
ab1f86a51dc51b219f98dacb4651bfc62650e983,False,True
7e889645ddcf887f929a952f4b2481a3277c7973,False,False
71f0e692e28f6caea7e082735c51ddff88bddcbb,False,False
9053cb23ce7078ec4df47e98ac6242c5dfe69b6e,False,False
a4176c6ad0c9b3e0de82a67da8604777edf7da2a,False,True
2f32482e174e04566f95286ee477e6704386722d,False,False
324f877a87b58fa4e8337a90cee8fe7cfc51f5a2,False,True
5763a55d8a77f3c548751ae8392989ed2441aedb,False,False
cb77c33c347d21b21afab7c50758536f54afb6ad,False,False
1fc0058e8db77b3ea9daf06e8af2b1bc1693482f,False,True
3f647f63d20a10466628c11f5a73a7cdf6034c2e,False,False
aa1908f8d2c2c90d0107aaabcb9ee228e73758b2,False,False
2f2b7be6bc199b0d7c9ddf8a71857ecfa44a5d4b,False,False
381e23497bb430caf56a53f5d5aa29229c33285d,False,True
68ba3c56b1c28d03dfa96dd8d9f943c4e92b6f72,False,True
556ee3e3ecd29d4b63ec9b04d785b0d919d3ff2e,False,False
04fa7cf272109f116aff6cbc108ad15b24034c1f,False,False
40ac952e78fe81e711dde4bb4e232445ea1d7ebf,False,True
dcec49a72cff318fc344bda5838558fdc4d025de,False,True
ee68b9fda2960d274a94eda33715228cacf21ddf,True,False
b10b2cda314649fa484f1dc0e2b93ce10e8492e9,False,False
4be45355287fec0c5c534fa23ae2b0b21997abbe,False,False
39e751dbc155bc4461ec3194dd57b9dccce0db69,False,True
df7e6ea71d8353ca6b066163adf9eb28b9ad4813,True,True
04794f33a30ad7d8f50d2759607bc39e1a8de175,False,True
0bf478c7ea6a18ac24f052d16fddcedf05369a98,False,False
93bcf8fba410e5fd20464637c0425dd9ad2da1ab,False,False
ea1beeaf689ea838339edb799e92b5a6e6eb393c,False,True
f8a460f1d61e3832af0a45180c7c6c5c63a92c1b,False,False
ec815f2ff301200b1c5c48b1a65aac7d82cac0d7,False,False
92a0435ca291b27931bf3415b6494307258e4070,False,True
780d130260a0e64af4875b6a2e27dbc9dfb9999b,False,False
654cc42f6f80975b01a2cfc7338d4727e26c3c16,False,True
11fba916669ef9647bae787851d1c2ea54596a70,False,True
68f47c1dd86554fd91d7cb010543db8eee44c8fc,False,False
a5b2c731bee8c09a8cd3fffd5a0219c2c2fbb0e6,True,False
ee99119206387e3808f83974c8d8983b93aa5a73,False,False
af9527aaf2df20fdc2717a683eda46114ba9d380,False,False
2da787d61a43ede04b66f02a989741d6f5fcddc8,False,False
59b35acd823ab16032e280a02e15e400356afb4b,False,False
e622be57705b8ec13f469f499eb8276c0e962136,False,False
c8145d0a9dfbcb98fed35ab328fce0acc053b79d,False,True
691ad76be0406edf73eec93b1a4fc6459f37becb,False,True
019fdd4618de4b935b1dac7de433d019dc61bc77,False,False
27c327a7201e14123bf46a01983c12425bc5fb26,False,False
4d191a826e9e1f4b21729a6884763ac15508871a,False,False
d91071d71f48a25aab578b5a9612747d4ae9eb77,False,True
73a726541a934a3307dccc4e660b90fb7db64ff3,False,False
f99a296be10a970a9ee92a163af285d691ed7001,False,False
96a2dcd8b998085920d22b3cf8e2d357ecc4299c,False,True
9039c73c5062b628911b218d0d6a734c567742bc,False,False
45cfbdbffc16cddeef3637c479976adeb9effb16,True,True
226652a277c7987c2d4f26f120b4ea5c7e5b4792,False,True
9dfc7dc2830256b26c36fbfbfb6ec5de6acf4a3f,True,False
1c62dce8bd16b8124eab7eead08ea6d70f4d2cbf,False,False
e5d1b8fbfddcd88fee107cf11383f184b1da2cbd,False,False
878adeec8c40e058044b3cfd7af66805fe39fb49,False,False
b69e64e162f2ab03917cce3bc78794dcc67b6903,False,False
3266efc6e261ff866ed61952f5a18faeeeb628db,True,True
d405dbc6ffc8ff5569ec7a714393d0755cbd2312,False,False
88a85ce53bcfc1b4d357eafddd868c69da5cd568,False,False
3ca7ee2ff1e125c945f5cae0a816f792410aa3d9,False,False
034145772a39719d2d15a5b120013fb075afa62f,False,False
01dc9633a4a69ae225de14af05dbffbd49e09b03,False,False
177c60b7bf137d129a3afc9d4a4735baf05e7947,False,False
7403feabf2b83707cb64a27847c92303c538015a,False,False
60bee7a537b17dffafb0652038ea831a764d05dd,False,False
3b840927356727d4895910dcb73e83ca4ee1d354,True,False
c6ab6c3b747d346f86b29a8750ca122d2bbcf3d5,False,True
7256b274044f871349c2da49e9a1e4792522e957,False,True
8cbe51bf7c988aca811de5625bdf0ba89e5345b7,False,True
27d9e1bc744b53c19166fdb46be7134af0846455,False,False
49fca869c1dbaef43f711574721eb4154aaacf02,False,False
2347196d3075962c59cbf2aff53fb409b230ea7c,False,True
8d21f7ae771b433ba78a3aab4615c4aa2dee654c,False,True
262e36c2614bcf20e4975f17462b69d13c474bde,False,False
30e05a4fb3fe03d506b54efa245fd07c8929d039,False,False
14ab1ffab9efe1cede11046099cec41546037d79,False,True
54c75bc7d7e71941afbf921411e2e92585abd186,False,False
7788dd2293ea2db76c64a6b9442116f65a543ebf,False,True
9fa5fcd92758400bd976f0802eb9b86dc6044dc2,False,True
ac95b7cee8807b9ac33f708cd9a297ff8a1e508a,True,False
11ccac678fcacf5502303e239c3703d48576f683,False,True
05bc242b7e69e39020cbe6ee942cdeb5d8d5c473,False,True
476de0e03003e6aa330863375806acd5e0a5bf43,False,False
1cc3cf2841e6c187520d15f5b0687ed9a3979140,False,True
755f6a66c6c8ada24017d526be346d2ac8c6169b,False,False
17076d3884aa7d89d784777b8e6ff217cac10482,False,False
89c3898bfa6de8808f8c7c809b5873ed20c77745,False,False
20fd5d58e748c2c39fa07d14abd1f60f798158f8,False,True
2d21d5ae934776a2840a045552a7d503ac58d6c0,False,False
ce61ad57cf7c490732dd4869bee9a0ce55abb025,False,False
a334e657ed6e947537517d9b2f87d58bec3d76d9,False,False
d66949b62b941dd750635daeb9cbf0c5e7cd8511,False,False
03ecb82f14ae8f70287dc3efb2c0d518a414b9be,False,False
518faaba6208ee47523bbf5189bb6ab22e74646c,False,False
59b32f3d30427f02a2ef7c89b3d69cb9051319b6,False,True
563f1455e871c307f488d417f54feac3a7324daf,False,False
8f302048fdc357ee4b12ea9523303479b3fee1c1,False,False
748bb90c070c7d1e45662ee8e8203ab5feec511a,False,False
69fd924f2aeae67945ecb6dd0e68f6cfeba45449,True,True
c2a08a5821bac03d2d54ee6eb400d61aefe2ccc1,False,False
2e46b75601caa585a2268306a20a10a916e342ab,False,False
f9841f57c53e3217d008226f3c0df3c3db92e45d,True,True
3c1e78cdf951fc9b0a2f988e0c6326ca9612da3e,True,False
954d70feeb2ba370b0dbf6d9fb0aa318c3f9edb6,False,False
08bef949add6844991601e2975ffe87f96f11983,False,False
1f2f80b5822f1cd5905d7445706a8f2bae3d56f2,False,False
57b2268dd11b3ef9717a25af7461bd3da6ce0ac1,False,False
e777df1c4276b87972dcb8824397c89df5c1b839,False,False
e898d26aef0a26a9958a92cf2cf597e58664cf22,False,True
f8524e310304965755da3ac75c135052e35ac765,False,False
ae5d2ac471a3649b3e92da001b446321b53e3121,False,False
bc6b6631f5ad57aaec3cb580dd92db45824c866c,False,False
066680fab7049a78a44d80de4eda1971e9651909,False,False
f30f8d8ed2a89ee8f81972221efb7129496e317e,False,True
3e721bf9b718560478a177edec3b87ca579ff88a,False,False
0168eb4d87e4edf0969b853d9ebd693aff15974b,False,False
a912ec2955f75acb2636324d98fe2da8e63b919a,False,True
1db3c5c8b057476a9f15c8ecafcb4373869951ff,False,False
0e833595bb3e78c3ebf27e99864a82e027bf9ee9,True,True
3d76bc9509df5fb01984dc6c204fccd4b37e181b,False,False
37ecd9027e42d4649a275a9b7551dc07b44f4324,True,False
1bdbd7f5a210e12aa669c48e3eccbb6918ece23d,True,False
c07da7dff9407c42fb63cdd686578e4229e4ca50,False,True
11110304e9403c86ebc32903d25e8558dbb2e833,False,True
4b303ccbfc19d443fea5c532e07dc21e5d215046,False,True
f7daf9de0d02ba5042bc96df602433da630df694,False,False
dd99c7565dd35c8d2270299a66b99cde24d15672,False,True
75b911162d0ae0e71733f958711280fb6ebb3fa3,False,False
0296b09577ff0b2fbc80e3c45d9457d5d8e58631,True,True
19fed8f231caab3293c85e7e48d647d8d878a1fb,False,False
a5b94d531f3c0e23a96068e33f0560d943754f71,False,True
4633d740c4d3a62b8fff82858d4c70a2548226cb,False,True
240b53084267ce05e902e6c74bc8e68e1034c5b9,False,False
dd6bb1ff3450b5d43de9c21b1f14287b0c64e869,False,True
39cf093afa1b1a821b726267ec8370272a32a981,False,False
a1ab3ad81310cf919200b035333dafc394d9908a,False,True
3fdf5afcbf9ca29a1e6a86cf2e19578275398345,False,False
fe2da3697cfbed5873e3f506fcd3b4a21b3fae97,False,False
1a615a9ccaad503d50ba9e083f63337dd10c40f9,False,False
258a13eb2dee5c4d66e2c0c5dc24c18724ef4614,False,False
d1a26dd5e907063fbfc466999dbb8e53eafd041f,True,False
1afd1c88f252112305278fd65371b4b4c98d6bdd,False,True
34f525b4afc1de2efa79d9a0c7cb0d6448990466,False,False
ba114bb682f2188f59067fe40d4bff57088bdceb,False,False
01771860794be598768de69128aad6a1d27fd313,False,False
8b13d1b7a3357305631d12adfa422d7982c09dbc,False,False
c2052903c623b442d40d5ba7b966a95a5a2feee9,False,False
9d9aa33c2ee03938eb060fbfe0e986f1a72a5132,False,True
7dabfe900d7bd32386d74d9bfac4bfb730df369d,False,False
e7a4b8c7a02ee733b4439b31643345fb24b7ebba,False,True
1e24c81c2222abb92f4342941c5239f81d9eb0ae,False,False
32920339201cbb8ccb6d66ecb60419414f87ef54,False,False
810fb173743cb13415307ade81b83b0a3916d6ea,False,True
2a782379f81583609605ce5717b7a984c7356b51,False,False
81ca8eea1f4ac607b70627ffe8da36180da921dc,False,True
2bbb07bdffd4d360b0e5fdaa74164b845e5e34a4,False,True
b0ac99b3ed6c6275e36c8a6c9f418a817ccdfaa5,False,False
f4114b95c1323bd9d570dc7c0a198f5dd28f2b1c,False,False
8ecda6ed10282ba6b6fa63181bacfeb4b24004cc,True,False
2da9ded461d6995bcc750974a8990595b3d2bb4d,False,False
aee85b59357bc149a1b3b786457e74798dbf318c,False,False
37f3866679be1bf0fd7c3904989e139cc9810535,False,False
db64c17992777c9d2b462bad30428eb792859107,False,False
e054ccc697592af0dcef19d8eb5bc04ceb882107,False,False
46e2bc20b96319a5b5890b594aa44a25d0092098,False,False
b3971178c816146256baa0a6b54b7f735223b909,False,False
2f9d41676b752c0924bcd83f579fc13529d57d19,False,False
03ae3425079dc7174436c3518b7d3a14232e1a3c,False,False
0ce710bbe8d91785f422bca1aef7182de2e2ac0c,False,False
8ef72496dbdf07170826a87a1f739543c7538bf5,False,False
4749ebd0f38b13219f023ad7763c2b864e24b473,False,False
b951e72fc37f6894b3124ac077d8c28148b75956,True,True
77faf3174e19efa82c9e0ae6cee6af24c699752a,True,True
a9610e713750e9637426f0ad2df9a82bf7cff8ec,True,False
889e1d14edc4e7cbe763a42654244ba0de31381a,False,False
8b02810a310110b5b63c0daa2e6ea626cb54d6f7,False,True
5f3d84b6fcc3d1f7c9bedeef00d11776b1b6a4d9,False,True
e0284d5dd8e426c286ddf6fdc3255ecbebceadb0,False,False
0c43344a28d8b01041e627b113842860537aeac3,False,False
e1b2bd35a0a42fd6ecb871f163998dfaa1346a8a,False,False
eb6dced3a951151966e9ef4ac094595ca44126e3,False,False
ad0de848ede08a0cc216af1929fe186c6eabed80,True,False
bb2da2865fcbf3b7ca59ae7c6d3f8b6d2fa60f44,False,False
704f5c13ef3badce837db22744c1dc72a9cbcfc0,False,False
8e4ae7b3405c7fe3d4301db0bd3bd5128f69d9e1,False,False
416b883f52c1764e08c1305030e08ca11afdb1ce,False,False
2a12a93508ef3fd00f8e5181315e332258d1ee2d,False,False
7182d91382513f3b4f12024e3d3b03ad059f2db6,False,False
aed1b55f8da4eef628a7d1c2192094630e0dad4e,True,True
ecb4c8946c11a8fa16e561e554388ffec91fba7f,True,False
134bae5e148d56823f938a46a9f8c65803e461cd,False,False
6704a92655cf6e109c2bb9e2064ba6b4ec1f4f70,False,True
57d2d0c99467df2f57c165be6ed58d1c18b913dd,False,False
92f23ae8824a5701dc7f22807bf78dee3e37fc2c,True,True
a6cfb035c54063553857ecf6a39556dfefdb4989,False,True
183c44dc78c9da0b1e5a6fb36669edf864e56d39,True,True
92ae533541253f8717da01256289384ddf0dc2fe,False,True
cd6285b2c242abc11dc275812e1243cef657af1a,False,False
6eccabf284de6d0321abae2ac5415ae96bd5294d,False,False
2b6d097e690dce8edc589cdc053e352b1c1d2f9e,False,False
e42f4808318a6d991e690b83415ab2013bd7cca6,False,False
824879fd9cb70ffeb63bca9070bd8b28def899ee,False,False
21111052a300211a2abb7f6b0970aa4b90a4b7b3,False,False
5e48caa40c10ccff43d16f8e2ed5da4bb5f9f41a,False,False
19ed655c24b810f0085214e7e9a22cabf1e46b36,True,False
227fdcd8a2753182f3b37f122f1f2c850f2960e9,False,False
23d6cbf8bc23c0788c780b8105e1564d7d45fa17,True,False
601b202501da35ee1bdb5fc4b436f6beef70c1f0,False,False
7c30609a71321ed3d5ba6baf5860ec418d726f6e,False,False
e0d3f4d03621526463cf09fa618e7f02cccbe362,False,True
93276b47c908694fc344df3c01eb01e481334d8f,False,True
64831bd80d1b2018728bc6a6f78d9b48e5f3262c,False,True
0644438c7e3cc79f3e94f7646faf5e9f58f917a3,True,True
261667c69852556d2f8d0ac2b4ba062b856787f6,False,False
4219a7cf125fb5402bf60d923d4c615ea45fa07f,False,False
e4a16718bd37ae018c62d1689d9a8f31a45a82d9,False,True
905c56d2c4e643fbc852cc5043f42968872cc9cd,False,False
6b7154cacfb74a99b120a105d5a54ed61c8c1775,False,False
5d56b01afdb9ae616864de9ffb4b1fbf0cb86917,False,False
f821a347887497a3ac336df87ada983ff28bc0b2,False,True
173fea472d0ad063216197e4eb4927535ad60033,False,True
288998933d76d450001534677456a09883bb33e1,True,False
158ef1caab4e75758e0d6bcc95f2fe4075390d11,False,False
52c5e566a760f54ebda83a2e2e308fff7fd527ce,False,False
c760852e9d84258e0a1d44539425b631a5af07c3,False,False
92a8eb58ae87bc1cf32fd9dce068a433a813a99a,False,True
e3cc3767780a5383313d922ecc65bc9437bab2f5,False,False
1e645ba12792cff76f74ef0b7fa7ab0828bd3362,False,False
906bf81968f136435ed1ab365b5e48e7034ca40c,False,True
b4227fbe06b7c25cd20cf49f5d2c659df172d84f,False,True
8577dd8530d0e80d6bdedd7444ea920035f1706a,False,False
1531cca9af1c1d1c65ba9ab5f44f6c6dab2a73a8,False,True
c8c3ddb04d16f20892d199cc405b499616189e51,True,True
ca0a42bda3985d2fd6256e46260bc89b12251577,True,True
ccb69853d5709cf5372bf62c6b89f7611babb969,True,False
9a8e1079181d5cf02bddb4b3c8ba90b2685077e4,True,True
90a5238b2a6c9fc07bfda4b4818d489677f94920,False,False
6623670f6aa395516c88b6916bb5116b126c3076,False,False
fb9dd3790e840d7b530d5f96db22423e6bdbe902,True,True
15117da0906c4d2f2d4f2c755fc951d3c33aa2c7,False,False
8a4028c59339f5d3f3e5f502978491b949e4fed5,False,True
d718845d3db97e73ce9f311e0cb301ef90b145c5,False,False
66baf8ddabdcc7e60770b37e047133f824bc21a1,False,True
b59e4d30ce1936d955c13cec8839a7a39ebec085,False,False
011e56aa1da4567c9929fd410ea7fc305190fb3c,False,True
5a211f88ea1150ee3e94514e651b55a4bcdfcba4,False,False
a3594d023ccc7055900f96c6d754e69f9c2f67ac,True,True
90be036c75e5f98befc3f391251956483f3c585c,False,False
7f7e65b1efd90194c7bae501df7cd359773d8e8b,False,False
e2b62932dd52b85117862d5640fe1b9c93649a57,False,True
c04f7776bad6362a6420541b866d99e892b6b3ea,True,True
555ab2a72da8cae4a2fb5833e12fd4ad514483eb,True,False
2cfa8d033616c907b871427f2bb178ab64f5fc46,False,False
e635e357d43d8a02a4afea0777fc7539cfa78f04,False,False
52886ff257dbd6a4a195b5276ac2c07ab033c8a0,False,True
fd33433fd8473b475096ac3be6f82100a2c7b4a0,True,False
7291574a3535320c9f51ce5cefd40a948bc348e5,False,False
e6ec529ae88980c4a22b2a521113b2d772ba850d,False,False
d9091024e70e34100fb5ea63bdb9bb680ae6e9d2,False,False
af9513ef23e2decf32068a41630eeed66cf3fae2,False,False
dab8dba89e478afbcdc4e60d24d5d49cfb269c15,False,False
68298f97749665d9a9b0f3cf338a7e48d3579b56,False,True
c1630dc78008921231b8507edadacbc963fad62e,False,False
8882cc366fd4c4664b90f64b64fc3e0baef769b5,False,False
362612a73d6dda4456d5f7106ff4b32ea41fabf1,False,False
a25b709fc0d4319e64099a780ba526c22fd4d9af,False,False
528a06c52bea7d3f6f25743f2414e790e98c7305,False,True
d00b7a334848862e8711e7932eddd6af41a24ed8,False,False
8c52f9479e76a5791012687607bd913dc36c5a84,False,True
7f31609f570f5824c5a3453c42f7078f2e0de896,True,True
adfa3a5409d60c265efffc4101e5ac266b90616a,False,True
be38cd9a00edc1c0631075a8a42fdcbe95f8bbcc,False,False
58e8ce15806be7329699ca32e2661d790b00632b,False,False
b5e4d473fd3b108b631339e4a5cc60fceb7bd7ed,True,True
c7cb78ea42fce2e83515b3a0add7768c30fe34fe,False,True
44723221f18ab88b1c10ac09138b2f5049956846,False,True
e6947c29990bb41754bc8a921a5bb735ad2a0ee0,False,False
b76af69878ebaa8c7825a8b3adaacaa742e775b3,False,False
146630235b72de7e7080c1670f320ba9d57d792f,False,False
ed620039475754cb46b5c00bebf2566d5fa71442,False,False
a6b0773e984125a24ebcb28170e0fdeab4f21391,False,True
590afc21c41e783cdaee3336834be251e4f2b5a8,False,False
a8a621f325e49173bc261c0829e6b4cb8266f8bf,False,False
f76579302ad73b4e9421220f46e010036a5aa2c6,False,False
4a5611c37db0fd980d19685f522158af0f6761c4,False,False
90ee788186d20d8f7c3a1b25c628f74a61412316,True,False
89e17675c99d852bd174c175ddfe1a3b65483974,False,False
e1b1c20d3dc08eea6ff2cf4f02607ff84093cc0f,False,False
3edc2aef75a471ff6d886d2e01bcec4a116f7a48,False,False
0be296f3bde4cc552e9da5f82622484f32ee3c36,False,True
8f670c5cdcbb83a4a6a693ce4d25c5a2e5aaa752,False,False
60192de7a20cc319ae311e44a25a8ce5408e82f6,False,False
1df66514dcfd7dd3ea494709184a6430f71e3820,False,False
b876c765dbe7e02aa20a50eb9c6e92a2de0b3552,False,False
c03a35d5a6aae4fb9072fee0a3bda7fc2be974f4,True,False
c53c2a5458d06dbcddeca00b7eb53edbec2371cb,False,False
1b754557364ddd908d011a4985aa44adabb81fa3,True,False
cc6d5c2c4c9e18aa922791bc75df23b71f823f49,True,False
f685f7ac0d423793c62c726cc3e069a6f802ea85,True,False
daf6e3d4c20ea6c77811d62d6322906bec92f46d,False,False
75eb6fe4a09bf0198569e308b503f33ecab8561c,False,False
3105488df971393a306a821015c34ab86a2359bf,False,False
7cf8880689b6362399dc177f3d0b01fed5113b8e,False,True
55f93051b1a86a284f434f0fa769a770676f8738,False,False
39f1278d47c9e5dd613d9c5dd673081de70aa9be,False,False
1003ffcc6a9b7cb948152ef37960a2620054c81f,False,False
56940af34d9f5c1be538f972533eae104363770c,False,False
f5826bce8365d0f1552627a8aa3ff7e32c49eeb4,False,True
66ba3a454674d0b11cb15272e8c896eb309d3bad,False,False
1dd8c09ef936048284bc01e9916d00d5b2df2407,False,True
7dd338e36d880f3926900652cf8d9b452412eeb8,False,False
8a1d3a00219663f84e7e4d7596003d034688dc26,False,False
3aa3b05676e629e1fe816d0ee6963959d7e0cc3d,False,False
9cda8fb8948e7e873c07cdf21e0ca5bfe2963340,True,False
8ffb994ef8e16bb9509489929ccf652fd9570212,False,False
eca519867b3fe84e59f8680237b3ee857fb52be2,False,False
ab08a7675888ade4dd0a920869385d33c1ae8307,False,False
5ab75b7e9fe958e7542479b630648e4baadebc36,False,True
f6053d84f913d7b03c8eb59c12c05d5cda518b9c,False,False
51aaeae6fe89eec017a447c19622045d8332567e,False,False
ce181c4ee8718d49324b7c8dccdfeecac63d2363,True,True
fa1feb7bc03dad9056b88cd71cebd71c4f091fd2,False,False
a5e1315f19690d214ba9ab9e0fa7d9bcba599642,False,False
0f33caa8ba12892c9c8d2957a1046d2e817ff3c5,False,True
f9d4e8ea344ba8c4a993df65f4d04ecb77c77cd9,False,True
8ed7b237d5e9d4f61f4fa604ce73e494e94c5955,False,False
750eb80fa0c41578f036eb884a8575c109c504f7,True,True
59930854326426e24f2115a925a63a1d5e457687,False,True
6dd0dd0c7f8d574359c597890534a920c060cf8c,False,False
bf5a0811744f66055dacdcf662f9448ca5fd15bd,False,False
a765276e8c3f03135c9713a587922ddfaef069e9,False,False
65c860c2099694a15e8f8fa28c15dcf52b47369a,False,True
42c717c0e6fc9310dec8f837ef3038238cb5de61,False,False
ba6fe07754690c482fe716c86641d2a714a1fc96,False,False
805a0b6a6010b3332da1b54e14f623e7795266df,False,False
f9c3e7086caaafee48169c4f26c131c0e3df5290,False,False
972a8ed53a80328f62b67ca6fd4e82b90873697a,False,False
e3d5a538f2f208d5da87b3d19f24084129874381,False,False
dc0071442bad4c1772dc50a2204c86c07061cc08,False,False
7a29ca1027ed10b31dbf0656ae121df40248edca,False,False
307fd5cf5afbb7241a6adfc7ba899b7926ef31b7,False,True
5d22fdf29a2eb366c32858726af1551e02932ef0,False,False
df9f500953784c21398d0dbe5dbb8bc12cecd968,False,False
93a9b012c551b803aae5c9de8f2b5c057b1244c6,False,False
b3c602729413fed4054e57d4c1bf085e019367d2,True,True
3836ffaebde2ddbef8136900c18385ec78a3910f,False,True
c0d51f98289b053fcad658404c5bd05432c52fa5,False,False
960f40808d6fbca7c949b00f38659a511d558c26,False,False
c9dd8391244752d16cd27be553aa78d485f2baf2,False,False
83aa13161f215e899d8ca4381377f7bccfe429da,False,False
57b347bae63ce3e2c747362b9d5f09160e512097,False,False
b3e1c430b5412080de17b14e5f02376b68a3e205,False,False
2a094b54b7448652eb16f558e28abd1174277c05,False,False
249f27237b9899f7d3f09b7a0cf2dd5f6618242d,False,False
903b9a3559cb0bab8114b4795dc5797db581d7dd,False,False
9a008bc573c9d672fb3788fab1e8b3f03e496036,False,False
4efbbb0858ca730be8c1db26015036ab3ae91277,False,False
6a1ae57d3810d4971189e35d28d4b9c058154088,False,False
dda44f887a4f6cc53d587f2997deebad424112ab,True,False
055339a67cfca4903ae4dd80c2b5ac39f58a2a2c,False,False
0689846ea533ab242ed8bebc32fe076eeb5685c8,False,False
fcc2fd4e2d927a77d5f9c5f20a534706c57f2030,False,False
91eb62eec3d42ca7181c76335f3957259373afcd,False,False
7f3535fb99a68cac004bd6aa62f81a3eb176a533,False,False
db28af30523cfa07a3638785d821d52347ee8060,False,False
a4760dff9d2ee1202a9bf24640ea3d14de7a09c8,False,False
82aed44f0bb97f606b3a07f72ad15ac50330df75,False,False
f673345d84949b42a7bb167a86f8eb3fb5340719,True,False
6d9b654fd224fc6e056a1419acb4101e56c6dd59,False,True
b01c35693b5b9b6caf52d4f5527bde99bc1c5e38,False,False
b956831112343d550909d17d105432fd0bfa79f2,False,False
337dfbc39ecd30964d6ddd486a5e2ec3532d28e4,True,False
e8ec2f64a9818b76e4b98a79e6aa3968c5df50cf,False,False
aae6ac76362fe5d9dd5f1165066c7c23fc915f55,False,False
9b163253ec504b7f9009bbe7727e3b5f966a1f32,False,True
b5fdc7c16c818aaf3f5cf67dff1d415471efc489,False,False
a914b40ed6fc41745f0ede175e1cac473be72789,False,False
9cfb427058547918c0882b2ab94b76b4afa0b9d9,False,False
878fa9a888c9536944310f58eb934d7a8de32a5e,False,False
cfb135bf8fd4bda36f206d1bd9446af71ddd9278,False,False
64a6d8676d93b7bc97c71ca88ca1570a79872eb4,False,False
847fd0ffb57bf509a083c41376a87c3e23fc681a,False,False
316313c73393ef0754604120ea00bc6a2c8b4acd,True,False
61bf4cf62571eac0c0f937b47b4b2e8224d12b70,False,False
25b574b2374a66e744133d414d1f4eb6da60f7dc,False,False
9921795889365d606dcc3ec9f8837bd95be41c70,False,False
7cb117b231b11c11e3883089d0c51f4001089647,False,True
1a3be677ffe9efe8c69fc768a88d885be7084cd4,True,False
81591ffb9d514f85fa7da115f25a204ad59985ee,False,False
b6250a47ae61fbe40fba033d5b9754f983b7ee93,False,False
40d43dbc3cac6f24802c1edba225b598e163706c,True,False
85bc4783c9b742ea247fef9168b372c170b97fe4,False,True
fa3f6ddcb868efdb7fdf4a9ec071b03d2c106275,False,False
1cf79de2b078a60178bc0abe174752848a02a922,False,False
a75a0b3b818fe2badaa3c0a438f9f37bdb09eeb5,True,False
fcffcddb4e8b289df643553c7cfea72b210c0952,False,False
0603ac9bdba60ad33cb7b80fd5782925895086d3,False,False
434760c8eca1223bd3f911895cdc9c8109590946,False,False
a4718525726f213f8fc27b692f554c5c150c1fb4,False,False
0f7af0c66fbdffe40501bf205c61c92cfd5fe6f4,False,False
bd85c2168499ec883b03d4364d8e5e6dc51e4a45,False,False
2be3a14472b0a438895770d2c2e739e92ad1b874,False,False
7832007e926a0c430977060eca50cedd32288a0e,False,False
49ba2863978fbe072bb5d3917e787a4c3208d28d,False,False
9d24f9d51371cb27bae2b5286440914f16c0e55f,False,False
9ead37ef4ceefbb72f2d6d24d96bcd62fa5bae69,False,False
a4fab8b96fbe460777d4c5cba4c1c1416011496c,False,False
4d4b54d09c74957224c300e665d419b876b76a36,False,False
d085b37fb456665bec43f0ebb068d8287b08e3fc,False,False
94cc199db95e0777eb9a6a7d18b43807948b90ed,False,False
512246420bcfce2a75406f24d8a4cdd2b201226d,False,True
08a8c0330440b0b66d41156d282d2e54fe39346b,False,True
19418c51f78b7d5b08417ad5abc095fe6ae43a77,False,False
2058d75d1189e3197c2b675c14a06ab7500eda9f,False,True
2b492094d5d3b9595ab371ec255d0dd6edcd9b60,False,False
160eff0404bd62e0019e051902190c78184d1f01,False,False
cf6ff2ef7f48de8d62c88a5d62f1a9052f8130f9,False,False
8118c308fed70bc13a9e9264770d6bc276b81ee0,False,False
c07d05fd4d4cb1c542f011fb892b273b7bd9f1b9,False,False
135b59ea3f22d7f8ebb013e78c8ff89df46b079c,False,False
0a1f9e9f13204debbc1d4d5bab24803c6c70fc42,False,False
d888904b1403a79635c5661719474a3c9a466a10,False,False
1a7665e14aafb9ec88facfc1bf73835b6bb2b547,False,False
20d24d22be26e7e2c685a63ca3927c8289f9ff39,False,False
6c79391a2a3044a0302c7395b0bf29abaa5e5327,False,False
22da523311f07d1c5d28b00bba80a0bdbb62e2c6,False,False
3b45b29a452f164cad1a83597d41b20a7d7b3ce6,False,True
c51edc15eff8ef559e78eda44b7f681f922f1f4c,False,True
def3ee9982142128735c14dd3d6d88caa6df71fe,False,True
0a2c98d4d635a1cfd2923f1305313aee6eb708b8,False,True
46530d3b4f12e841d00e7eecfdf97e8f88f8e90f,True,False
91b37998bab9702a674fde0f30041182db488b77,False,False
c32a5155795b88628e79b9ab2914d367564a226c,False,False
8da24b83adf878816b3cc807236353e0c1017434,False,False
c02b7b4a2432c6af48ec5f217a616b91c7d3c5a8,False,False
b18fbd4f6d5609798510fc4700adf8f46330a798,False,True
5e099c7219897ed3ad19d7b3c06edb6fcd82936f,False,True
7962264f13a661cdbc0390353a5799dcec51096c,False,False
0068c2865aaf38d6f59ef2a34d90e79e6bfd7e29,False,False
696eff87285c73464e45924c67eb4188aea6d825,False,False
164930844863b3af99f1c0ccfb5495780feb9abd,False,True
f582b1d16969303119084ab7fd76665479b459e6,True,False
db453ad6938ba5388548e9d0812f5ec0e78e278d,True,True
6b60d1b9490df153b6c7a8aad4441150f2258e3f,False,False
0be17a9c9302385aa3b01439d231cda4a86ef8eb,False,False
a30e13f8ae02884d85bf8d8688ee549db3033705,False,False
9e283ddb904983bbab6f974f90928bf9d300d107,False,True
6241bfafcc7f52dc1257690be63d6ee9e3fd6d45,True,False
18e2a93f2cea66d798b13101a60f171e135cd471,False,False
3df2f9666425044d3003a4585540054776ce52be,False,False
a9bac20392fc7b3ec7d226afb50c744225bd6a47,True,False
1310736711f0e5d5cadd656aad0d55ddbb5a9de8,False,True
6698d8960b41c6fb8eee81de9ea90a4a808c86c9,False,False
d850c3ddbe633e3dc948b4ce1c14f8bc7104bd4b,False,False
81d930403fc7e90a904d5ba26ad5f0922f91e356,False,False
6b70dddab664437720f5903d5172758678cf42b5,False,True
144cf1087272e6d7ac55b382470888bd0ce053b0,False,False
29ec1ceee7f8702cc53017904f032eef54519880,False,False
e1099e1fa584747ca48fd42f9ae8ce880b70193f,False,False
5a345bcb799de77c2905c9eff19242b6542a1039,False,False
f751d2a05dd11a3f33fac795201d951e5afecc21,False,False
c6cd765b186430ca566363db2cde512d1b241954,False,False
2c0ee9bde3b735aec09ab7ad3991b1661f97a216,False,True
31874a92cf1f6457ec8c33392c5b0e1e14c6a6c9,False,False
05e5bb83b3fff177e53759af50c562f0ccf781cb,False,False
8b615d64ba7d8d7c4f6cfaeeb49ad2834fb6844b,False,False
95488fb87004959030ef14191cf030f06bb90922,False,False
48d0b8c12c5ae491f81811f5e7c7b0065ebeedb4,False,False
f1bd6317a8e5267880a6575c928441358a14a28a,False,True
3c0551bebe7156a8798e0ba1d49e1e786a001bc1,False,False
8435c377f82b6002a06c93c4430bb8bf944b207b,False,False
6c96dee57470b1dabfa4b8d41d61c05f3832a234,False,False
907a49e1284a3b0881f06afa9c24941cb142d648,False,False
5b968836911562cb10a7d2e16c91660d5b037878,False,False
9e6523d99a93e72842d743bb54963e84dfd37414,False,False
7307bf09b68119a93603fe96d5b854740d2768ab,False,False
9bf221241abeeae5dc78637e8ad2559956a03236,False,False
3d721e1aff05ec416345d736a0f865748243da9f,False,False
f1b60216d60b21c3b4feef5c36eb506be4f8590f,False,False
461add4b183a1efc08e9fdff1de794f27458bc1e,False,False
33e25d016780ebfd9af8f1d0ecb5ab2b1ed546c5,True,False
215cdb68d043e4426bc9f4dcba826c0f7977f87a,False,False
7e205377598de8b0124a6741a26912bb27999e7d,False,False
624b6ea176e9dc8a51307bb4b18b54017b1b985f,False,False
b72fa6d8148eba085a8e1e31658d94e30b9d36b1,False,False
404db05dcd28016e53f02999d31e8b6eae3ff80a,False,False
1bd79c1617be7975b9c4923f78f2a9920e0bbe3a,False,False
5713e38b2f8f2e9b4c296197d63d6b10b6320cc3,False,False
d58aea8cbb15502d4de2674db72fce2d0b8241a3,False,True
2b90b13df7f2b9a96484993f933ef17628664b85,False,True
6296cb6442bc9a9e31f21d2656d488fcb7c36d4a,False,False
5a097909bfa0ace01c9e2ecc1c7368eba1c94179,False,False
0a8bc083f469cf5610884a357ad048246684bd3e,False,False
d703fccde8274215b47f9cf6ae7d1b914c8732a9,False,False
efb9f0d1753848cdfa1ef369d725ab8b78842b56,False,False
034de0b66aa3f927c7abe3112d37b837f0ac0f29,False,False
1483fccecc41d25b00e02e66fd418ca41299e144,False,False
9d10aeeb04baf4acdf542fe6280c2b4c1d867317,False,False
0e7592d4ccacf352018acbc2169cb4f6bbfd5094,False,True
2f0018c73574e3e30af5954c44ed9999c61d1054,False,False
54e9332ca1c98bf8a231849d300f3893d209ac4d,False,False
5d414febdf3bffdd331bf9b0f28294933db2d7ae,False,False
367d7f0ffa418c0655387d4e48fd5c90e718df9a,False,False
90dab9ed76747da43e8ed1f56e589debe6afe6f2,False,False
d7c784eb0c9d53dd08b3a1c7c4107808a0dbe5d0,False,True
7df6ed1a9d6822f8165f8559a6395ec38b105ae4,False,False
1eb05662101c384fed5a15b0ea73dac6a3ce8b87,False,False
d8b7bddb7c43470b2a218da08c435eb4dcf86e9d,True,False
03742dba027dda690ab3681c0bc502a1a8121644,False,False
9c228cf94370edfce57a9772b9ff265cec4f283f,False,False
fb29f4a42a23b24945f8fa64b16a7306c4ead4e1,True,False
4d899875e033a84d39746e8b9d819540f1463036,False,False
24981b7a33f77ef6ae7276eaa6444bf0447a699f,False,False
ea977b3ab7b20d57e7645223101e153bd83c58db,False,False
c6d8632307037402862ffe7175c87a9edce56c90,False,False
a5c9ab297d74379fabb3406e6f16ba976e11fde8,False,False
533fc911ceddea8a9aa85c46b9cc8cc778c4e9d2,False,False
1108f408e8f29dda1915552b644f7dad3078f55b,False,False
8f5de775f6b1362143b423b44bc2fb009bd5a350,False,False
17b7631ecffdcdb3209f8da0eed68483edd406b8,False,False
f3f4afe727e367f222a9757c26652cfc4930525e,False,False
9cd6749fc2cebf1346b8f1f2429105e128ba7876,False,True
c3dd3ae816fbff39bcef503cf93c73ad6191adb9,False,False
cbe46b80a16c160ba521d8b34625a6787f9c88bf,False,False
dd6147f9049d6b0bfea43faaa329ba31b06700da,False,True
3b82ea24f73ff358d611d1e1f4addb8acdc443a6,False,True
86aa9cb5e705c3aa17752ef49a60159b27d7190f,False,True
7a2788561dca8ff468ca41dfc6bb305782d13bfe,False,True
8ce970059eeee478187258707aa7b3c10531c922,False,False
b456b7f90db44a0cbe2c85a7e657adfe7f77427f,False,False
3568d0f087e1a63a02663e060a1b0d6f9f6ad161,False,False
bf5c7e785da93b3f54150e036fd2194e3a9adaff,False,False
f130c90e195a9bfa1fe1c0c25e2b7a4c721f42f0,False,False
69e172d3b9af30a84e3dc23cd454114c31b5b7d6,False,True
0922b1d2cdeb3db4ea7dd2e8f4b9c1657e5b74de,False,True
2bf86a43cb00a442d858dd56797e73fd3fba62c4,False,True
c252bb28fe4449780cf8aee474d4b351bca10ca2,False,False
c730fd47c0cb10317a72484764adb030cb9e0138,True,False
52abff9fc0de35a6f876eca5ee2557e1d77bc228,False,False
0b8c59de28af710d3b84f04d74b65a6fcac5257f,False,False
14912a512c499a33ed5e0d6e013bd3cdb4aad0e6,False,False
990293b7bbd99804f40220aa84bc173a36207237,False,False
01370c34cd85ab2d7816967e5c4a7769819f4873,False,False
4ed1d5ebee79df8a4300e24e4e35537044bf904d,False,False
2351d364c551807ade0e9a0a6a5468455107c223,False,True
8a629cfcb40fdc8aae8161fc7896cd807ab0bad8,False,True
3653941ace3c91641df7ffae8d830df3e498739a,False,True
153dca2a7c37afe860bf0bfb30719c19d3a00931,False,False
2934e5cb9a2fbb0fb7816fa7a2c43b3abbcc5fc3,False,False
7ffc2d0d13d6e26b105ea15d75ba92f74a8a7793,False,False
44e4d2a77e6e8bc727d87759bf30a8d7c1ffa9af,False,False
bc79712916a150355bc4dc992187b915048243aa,False,False
